{"_default": {"1": {"timestamp": 1544551847.296979, "temperature": 27.21}, "2": {"timestamp": 1544551847.297104, "humidity": 44.863094329833984}, "3": {"pressure": 1016.331298828125, "timestamp": 1544551847.297164}, "4": {"timestamp": 1544552029.08072, "temperature": 27.25}, "5": {"timestamp": 1544552029.080837, "humidity": 44.75892639160156}, "6": {"pressure": 1016.40576171875, "timestamp": 1544552029.080894}, "7": {"timestamp": 1544552212.183252, "temperature": 26.92}, "8": {"timestamp": 1544552212.183583, "humidity": 45.44047546386719}, "9": {"pressure": 1016.4296875, "timestamp": 1544552212.183698}, "10": {"timestamp": 1544552334.271507, "temperature": 26.97}, "11": {"timestamp": 1544552334.271643, "humidity": 45.657737731933594}, "12": {"pressure": 1016.327880859375, "timestamp": 1544552334.2717}, "13": {"timestamp": 1544552520.278703, "temperature": 27.01}, "14": {"timestamp": 1544552520.278818, "humidity": 45.29166793823242}, "15": {"pressure": 1016.3798828125, "timestamp": 1544552520.278872}, "16": {"timestamp": 1544552706.308483, "temperature": 27.16}, "17": {"timestamp": 1544552706.308605, "humidity": 44.886905670166016}, "18": {"pressure": 1016.36181640625, "timestamp": 1544552706.308662}, "19": {"timestamp": 1544552857.602514, "temperature": 27.25}, "20": {"timestamp": 1544552857.602671, "humidity": 45.22916793823242}, "21": {"pressure": 1016.385986328125, "timestamp": 1544552857.602731}}}